name,rmse,mae,r2
Random Forest,20.747898823186524,15.87246576944988,0.7278906993285106
Decision Tree,29.031451788289843,22.748500807460776,0.46723872225243823
XGBoost,29.90718788974789,24.676688850700092,0.43461237121013385
Linear Regression,68.98078610303772,61.979639422354715,-2.0078170838800604
